Category,Surveillance Type,link type,label,url,italic,group
Type of Biometric Collection or Technology,Facial recognition,"Further Information on Capabilities, Uses, and Abuses","404 Media, ICE's Plan to Let Cops Around the Country Scan Faces to Verify Immigration Status (June 2026)",https://www.404media.co/ices-plan-to-let-cops-around-the-country-scan-faces-to-verify-immigration-status/,ITALICS,
Type of Biometric Collection or Technology,Facial recognition,"Further Information on Capabilities, Uses, and Abuses","Wired, ICE and CBP's Face-Recognition App Can't Actually Verify Who People Are (February 2026)",https://www.wired.com/story/cbp-ice-dhs-mobile-fortify-face-recognition-verify-identity/,ITALICS,
Type of Biometric Collection or Technology,Facial recognition,"Further Information on Capabilities, Uses, and Abuses","The New York Times, How ICE Already Knows Who Minneapolis Protesters Are (January 2026)",https://www.nytimes.com/2026/01/30/technology/tech-ice-facial-recognition-palantir.html,ITALICS,
Type of Biometric Collection or Technology,Facial recognition,"Further Information on Capabilities, Uses, and Abuses","404 Media, ICE's Facial Recognition App Misidentified a Woman. Twice (January 2026)",https://www.404media.co/ices-facial-recognition-app-misidentified-a-woman-twice/,ITALICS,
Type of Biometric Collection or Technology,Facial recognition,"Further Information on Capabilities, Uses, and Abuses","404 Media, You Can't Refuse to Be Scanned by ICE's Facial Recognition App, DHS Document Says (October 2025)",https://www.404media.co/you-cant-refuse-to-be-scanned-by-ices-facial-recognition-app-dhs-document-says/,ITALICS,
Type of Biometric Collection or Technology,Facial recognition,"Further Information on Capabilities, Uses, and Abuses","404 Media, Inside ICE's Supercharged Facial Recognition App of 200 Million Images (July 2025)",https://www.404media.co/inside-ices-supercharged-facial-recognition-app-of-200-million-images/,ITALICS,
Type of Biometric Collection or Technology,Facial recognition,"Further Information on Capabilities, Uses, and Abuses","The New York Times, The Secretive Company That Might End Privacy as We Know It (January 2020)",https://www.nytimes.com/2020/01/18/technology/clearview-privacy-facial-recognition.html,ITALICS,
Type of Biometric Collection or Technology,Facial recognition,"Further Information on Capabilities, Uses, and Abuses","Georgetown Law Center on Privacy and Technology, Garbage In, Garbage Out: Face Recognition on Flawed Data (May 2019)",https://www.flawedfacedata.com/,ITALICS,
Type of Biometric Collection or Technology,Facial recognition,DHS Policies and Other Resources,DHS AI Use Case Inventory (January 2026):,https://www.dhs.gov/ai/use-case-inventory,,heading
Type of Biometric Collection or Technology,Facial recognition,DHS Policies and Other Resources,CBP Mobile Fortify (DHS-2731),,,bullet
Type of Biometric Collection or Technology,Facial recognition,DHS Policies and Other Resources,ICE Mobile Fortify (DHS-2577),,,bullet
Type of Biometric Collection or Technology,Facial recognition,DHS Policies and Other Resources,USSS Criminal Investigations (DHS-415),,,bullet
Type of Biometric Collection or Technology,Facial recognition,DHS Policies and Other Resources,CBP Facial Recognition for National Security and Transnational Criminal Organizations (DHS-2729),,,bullet
Type of Biometric Collection or Technology,Facial recognition,DHS Policies and Other Resources,CBP Unified Processing/Mobile Intake (DHS-398),,,bullet
Type of Biometric Collection or Technology,Facial recognition,DHS Policies and Other Resources,ICE Facial Recognition for Locating Vulnerable Populations (DHS-2457),,,bullet
Type of Biometric Collection or Technology,Facial recognition,DHS Policies and Other Resources,ICE Facial Recognition for National Security Investigations (DHS-2458),,,bullet
Type of Biometric Collection or Technology,Facial recognition,DHS Policies and Other Resources,ICE Facial Recognition for Investigations of Transnational Criminal Organizations (DHS-2459),,,bullet
Type of Biometric Collection or Technology,Facial recognition,DHS Policies and Other Resources,ICE Facial Recognition for Investigations of Child Sexual Exploitation and Abuse (DHS-362),,,bullet
Type of Biometric Collection or Technology,Facial recognition,DHS Policies and Other Resources,ICE PTA: ICE Task Force Module Mobile App (September 2025),https://www.documentcloud.org/documents/28200283-ice-task-force-module-app/,,
Type of Biometric Collection or Technology,Facial recognition,DHS Policies and Other Resources,CBP PTA: Mobile Fortify Mobile Application for ICE Enforcement and Removal Operations (February 2025),https://www.documentcloud.org/documents/26209262-mobile-fortify-pta/,,
Type of Biometric Collection or Technology,Facial recognition,DHS Policies and Other Resources,USSS PIA-033: USSS Use of Facial Recognition Technology (September 2024),https://www.dhs.gov/sites/default/files/2024-09/24_0912_privacy-pia-usss033-facialrecognition_0.pdf,,
Type of Biometric Collection or Technology,Facial recognition,DHS Policies and Other Resources,DHS Directive 026-11: Use of Face Recognition and Face Capture Technologies (September 2023; now removed from DHS website),https://ismg-cdn.nyc3.cdn.digitaloceanspaces.com/asset_files/external/230913mgmt026-11-use-face-recognition-face-capture-technologies.pdf,,
Type of Biometric Collection or Technology,Facial recognition,DHS Policies and Other Resources,HSI Policy Memo: Use of and Access to Third-Party Facial Recognition Services (January 2021),https://www.ice.gov/doclib/foia/policy/memo_UseAccessThirdPartyFacialRecogServices_01.15.2021.pdf,,
Type of Biometric Collection or Technology,Facial recognition,DHS Policies and Other Resources,ICE PIA-054: Use of Facial Recognition Services (May 2020),https://www.dhs.gov/sites/default/files/publications/privacy-pia-ice-frs-054-may2020.pdf,,
Type of Biometric Collection or Technology,Facial recognition,DHS Policies and Other Resources,ICE Policy 16001.2: Investigating the Potential U.S. Citizenship of Individuals Encountered by ICE (November 2015),https://www.ice.gov/doclib/foia/policy/16001.2_InvPotUSCitIndividualsEncounteredByICE.pdf,,
Type of Biometric Collection or Technology,Iris scans,"Further Information on Capabilities, Uses, and Abuses","NPR, ICE Is Spending Millions of Dollars on Iris Scanners, Expanding Its Arsenal of Tech Tools (May 2026)",https://www.npr.org/2026/05/27/nx-s1-5822429/ice-buys-iris-scanners-tech-tools,,
Type of Biometric Collection or Technology,Iris scans,"Further Information on Capabilities, Uses, and Abuses","404 Media, ICE Is Buying Mobile Iris Scanning Tech for Its Deportation Arm (August 2025)",https://www.404media.co/ice-is-buying-mobile-iris-scanning-tech-for-its-deportation-arm/,ITALICS,
Type of Biometric Collection or Technology,Iris scans,"Further Information on Capabilities, Uses, and Abuses","Policing Project, Policing Project Five-Minute Primers: Iris Recognition (September 2019)",https://www.policingproject.org/news-main/2019/9/20/policing-project-five-minute-primers-iris-recognition,,
Type of Biometric Collection or Technology,Iris scans,DHS Policies and Other Resources,S&T PIA-019: Iris and Face Technology Demonstration and Evaluation (August 2010),https://www.dhs.gov/sites/default/files/2026-02/privacy_pia_st_iftde.pdf,,
Type of Biometric Collection or Technology,Fingerprints,"Further Information on Capabilities, Uses, and Abuses","BiometricUpdate.com, ICE to Award Contract to Field More NEC Fingerprint Capture Devices (September 2024)",https://www.biometricupdate.com/202409/ice-to-award-contract-to-field-more-nec-fingerprint-capture-devices,,
Type of Biometric Collection or Technology,Fingerprints,"Further Information on Capabilities, Uses, and Abuses","Mijente and Just Futures Law, ICE's EDDIE Program: How ICE Uses Biometric Scanner Tech to Ramp Up Raids (November 2020)",https://static1.squarespace.com/static/62c3198c117dd661bd99eb3a/t/62deb7755f18b67d47071642/1658763132592/EDDIE-report-PDF-revised-final.pdf,ITALICS,
Type of Biometric Collection or Technology,Fingerprints,DHS Policies and Other Resources,USSS PIA-017: Forensic Services Division System (May 2024),https://www.dhs.gov/publication/dhsussspia-017-forensic-services-division-system,,
Type of Biometric Collection or Technology,Fingerprints,DHS Policies and Other Resources,"ICE PIA-015(j): Enforcement Integrated Database  EAGLE, EDDIE, and DAVID (May 2019)",https://www.dhs.gov/sites/default/files/publications/privacy-pia-ice-eid-may2019.pdf,,
Type of Biometric Collection or Technology,Fingerprints,DHS Policies and Other Resources,ICE Directive 10089.1: Obtaining Required Fingerprints from Noncompliant Individuals (October 2018),https://www.ice.gov/doclib/foia/policy/10089.1_ObtainFingerprintsFromNoncompliantInvidivduals.pdf,,
Type of Biometric Collection or Technology,DNA tests,"Further Information on Capabilities, Uses, and Abuses","The New York Times, His DNA Was Taken After His Arrest at an ICE Protest. Now, He's Suing (May 2026)",https://www.nytimes.com/2026/05/06/nyregion/dna-collection-ice-arrests-lawsuit.html,ITALICS,
Type of Biometric Collection or Technology,DNA tests,"Further Information on Capabilities, Uses, and Abuses","Georgetown Law Center on Privacy and Technology, Raiding the Genome: How the United States Government Is Abusing Its Immigration Powers to Amass DNA for Future Policing (September 2025)",https://www.law.georgetown.edu/privacy-technology-center/publications/raiding-the-genome/,ITALICS,
Type of Biometric Collection or Technology,DNA tests,"Further Information on Capabilities, Uses, and Abuses","Bloomberg, ICE Moves to DNA-Test Families Targeted for Deportation with New Contract (June 2025)",https://www.bloomberg.com/news/articles/2025-06-04/trump-administration-s-ice-wants-25-million-to-dna-test-immigrant-families,,
Type of Biometric Collection or Technology,DNA tests,DHS Policies and Other Resources,CBP Directive 2410-001A: CBP Implementation of the DNA Fingerprint Act of 2005 (February 2025),https://www.cbp.gov/sites/default/files/2025-07/cbp_directive_3410-001a_redacted.pdf,,
Type of Biometric Collection or Technology,DNA tests,DHS Policies and Other Resources,DHS PIA-080: CBP and ICE DNA Collection (July 2020),https://www.dhs.gov/sites/default/files/publications/privacy-pia-dhs080-detaineedna-october2020.pdf,,
Type of Biometric Collection or Technology,DNA tests,DHS Policies and Other Resources,ICE PIA-050: Rapid DNA Operational Use (June 2019),https://www.dhs.gov/sites/default/files/publications/privacy-pia-ice-rapiddna-june2019_3.pdf,,
Type of Biometric Collection or Technology,Integrated biometrics,DHS Policies and Other Resources,DHS Memo: DHS Biometrics Expansion for Improved Identification and Encounter Management (May 2017),https://www.dhs.gov/sites/default/files/2022-06/dhs_biometrics_expansion-508.pdf,,
Type of Biometric Collection or Technology,Biometric collection from immigration benefit applicants,"Further Information on Capabilities, Uses, and Abuses","Electronic Privacy Information Center, EPIC Comments to USCIS re: Collection and Use of Biometrics by U.S. Citizenship and Immigration Services (January 2026)",https://epic.org/documents/epic-comments-to-uscis-re-collection-and-use-of-biometrics-by-u-s-citizenship-and-immigration-services-jan-2-2026/,,
Type of Biometric Collection or Technology,Biometric collection from immigration benefit applicants,"Further Information on Capabilities, Uses, and Abuses","FedScoop, DHS Seeks Vast Expansion of Biometrics Collection for Immigration Benefits (November 2025)",https://fedscoop.com/dhs-biometrics-collection-us-citizenship-immigration-services/,,
Type of Biometric Collection or Technology,Biometric collection from immigration benefit applicants,"Further Information on Capabilities, Uses, and Abuses","Electronic Frontier Foundation, Comment Opposing the Department of Homeland Security's Massive Expansion of Biometric Surveillance (October 2020; this proposed expansion was withdrawn in 2021)",https://www.eff.org/deeplinks/2020/10/eff-files-comment-opposing-department-homeland-securitys-massive-expansion,,
Type of Biometric Collection or Technology,Biometric collection from immigration benefit applicants,"Further Information on Capabilities, Uses, and Abuses","Center for Democracy & Technology, Comment on Collection and Use of Biometrics by U.S. Citizenship and Immigration Services (October 2020)",https://cdt.org/wp-content/uploads/2020/10/2020-10-12-CDT-Comment-in-Response-to-DHS-Docket-No-USCIS-2019-0007.pdf,,
Type of Biometric Collection or Technology,Biometric collection from immigration benefit applicants,DHS Policies and Other Resources,DHS AI Use Case Inventory:,,,heading
Type of Biometric Collection or Technology,Biometric collection from immigration benefit applicants,DHS Policies and Other Resources,USCIS Biometrics Enrollment Tool Fingerprint Maximization (DHS-14) (January 2026),https://www.dhs.gov/ai/use-case-inventory/uscis,,bullet
Type of Biometric Collection or Technology,Biometric collection from immigration benefit applicants,DHS Policies and Other Resources,"USCIS Policy Manual Part C, Chapter 2: Biometrics Collection (December 2025)",https://www.uscis.gov/policy-manual/volume-1-part-c-chapter-2,,
Type of Biometric Collection or Technology,Biometric collection from immigration benefit applicants,DHS Policies and Other Resources,USCIS Policy Alert: Biometrics Collection for Aliens in Custody (December 2025),https://www.uscis.gov/sites/default/files/document/policy-manual-updates/20251205-BiometricsCollection.pdf,,
Type of Biometric Collection or Technology,Biometric collection from immigration benefit applicants,DHS Policies and Other Resources,USCIS PIA-060: Customer Profile Management System (November 2024),https://www.dhs.gov/publication/dhsuscispia-060-customer-profile-management-service-cpms,,
Type of Biometric Collection or Technology,Biometric collection from immigration benefit applicants,DHS Policies and Other Resources,USCIS Policy Memo 602-0072: Policy for Accommodating Religious Beliefs During Photograph and Fingerprint Capture (July 2012),https://www.uscis.gov/sites/default/files/document/memos/Accommodating%20Religious%20Beliefs%20PM.pdf,,
Type of Biometric Collection or Technology,IDENT & HART Databases,"Further Information on Capabilities, Uses, and Abuses","Catholic University Journal of Law and Technology, At the HART of Immigration Reform: How DHS's New Biometric Database Will Infringe on the Privacy Rights of U.S. Citizens, Permanent Residents, and Foreign Nationals (December 2025)",https://scholarship.law.edu/jlt/vol34/iss1/4/,ITALICS,
Type of Biometric Collection or Technology,IDENT & HART Databases,"Further Information on Capabilities, Uses, and Abuses","Mijente, Just Futures Law, and Immigrant Defense Project, HART Attack: How DHS's Massive Biometrics Database Will Supercharge Surveillance and Threaten Rights (May 2022)",https://static1.squarespace.com/static/62c3198c117dd661bd99eb3a/t/635c0b2b52d90a16d78ba2dd/1666976559030/HART+Attack.pdf,ITALICS,
Type of Biometric Collection or Technology,IDENT & HART Databases,"Further Information on Capabilities, Uses, and Abuses","National Immigration Law Center, Homeland Advanced Recognition Technology: DHS Is Building a Massive Database of Personal Information (November 2021)",https://media.nilc.org/wp-content/uploads/2021/12/HART-factsheet-2021-11-10.pdf,ITALICS,
Type of Biometric Collection or Technology,IDENT & HART Databases,"Further Information on Capabilities, Uses, and Abuses","Electronic Frontier Foundation, HART: Homeland Security's Massive New Database Will Include Face Recognition, DNA, and Peoples Non-Obvious Relationships (June 2018)",https://www.eff.org/deeplinks/2018/06/hart-homeland-securitys-massive-new-database-will-include-face-recognition-dna-and,ITALICS,
Type of Biometric Collection or Technology,IDENT & HART Databases,DHS Policies and Other Resources,DHS AI Use Case Inventory:,,,heading
Type of Biometric Collection or Technology,IDENT & HART Databases,DHS Policies and Other Resources,USCIS Facial Recognition Through IDENT (DHS-413) (January 2026),https://www.dhs.gov/ai/use-case-inventory/uscis,,bullet
Type of Biometric Collection or Technology,IDENT & HART Databases,DHS Policies and Other Resources,OBIM PIA-004: Homeland Advanced Recognition Technology System Increment 1 (February 2020),https://www.dhs.gov/sites/default/files/publications/privacy-pia-obim004-hartincrement1-february2020_0.pdf,,
Type of Biometric Collection or Technology,IDENT & HART Databases,DHS Policies and Other Resources,NPPD PIA-002: Automated Biometric Identification System (December 2012),https://www.dhs.gov/sites/default/files/publications/privacy-pia-nppd-ident-december2012.pdf,,
Type of Location Tracking,Remote acquisition and purchase of cell phone location information,"Further Information on Capabilities, Uses, and Abuses","Electronic Frontier Foundation, The Government Uses Targeted Advertising to Track Your Location. Here's What We Need to Do (March 2026)",https://www.eff.org/deeplinks/2026/03/targeted-advertising-gives-your-location-government-just-ask-cbp,,
Type of Location Tracking,Remote acquisition and purchase of cell phone location information,"Further Information on Capabilities, Uses, and Abuses",Letter from Congresspeople to DHS Inspector General re: Purchase of Cell Phone Location Data (March 2026),https://www.wyden.senate.gov/imo/media/doc/wyden_letter_to_dhs_oig_on_ice_purchasing_location_datapdf.pdf,,
Type of Location Tracking,Remote acquisition and purchase of cell phone location information,"Further Information on Capabilities, Uses, and Abuses","404 Media, Inside ICE's Tool to Monitor Phones in Entire Neighborhoods (January 2026)",https://www.404media.co/inside-ices-tool-to-monitor-phones-in-entire-neighborhoods/,ITALICS,
Type of Location Tracking,Remote acquisition and purchase of cell phone location information,"Further Information on Capabilities, Uses, and Abuses","404 Media, Inside the U.S. Government-Bought Tool That Can Track Phones at Abortion Clinics (October 2024; discussing Babel's Locate X)",https://www.404media.co/inside-the-u-s-government-bought-tool-that-can-track-phones-at-abortion-clinics/,ITALICS,
Type of Location Tracking,Remote acquisition and purchase of cell phone location information,"Further Information on Capabilities, Uses, and Abuses","Electronic Privacy Information Center, DHS Disregards Internal Policies and Avoids Fourth Amendment Protections to Track Your Location (February 2024)",https://epic.org/dhs-disregards-internal-policies-and-avoids-fourth-amendment-protections-to-track-your-location/,,
Type of Location Tracking,Remote acquisition and purchase of cell phone location information,"Further Information on Capabilities, Uses, and Abuses","FedScoop, ICE Says It's Stopped Using Commercial Telemetry Data (January 2024)",https://fedscoop.com/ice-says-its-stopped-using-phone-location-data/,,
Type of Location Tracking,Remote acquisition and purchase of cell phone location information,"Further Information on Capabilities, Uses, and Abuses","DHS Office of Inspector General, CBP, ICE, and Secret Service Did Not Adhere to Privacy Policies or Develop Sufficient Policies Before Procuring and Using Commercial Telemetry Data (September 2023)",https://www.oig.dhs.gov/sites/default/files/assets/2023-09/OIG-23-61-Sep23-Redacted.pdf,,
Type of Location Tracking,Remote acquisition and purchase of cell phone location information,"Further Information on Capabilities, Uses, and Abuses","DHS Office of Inspector General, Secret Service and ICE Did Not Always Adhere to Statute and Policies Governing Use of Cell-Site Simulators (February 2023)",https://www.oig.dhs.gov/sites/default/files/assets/2023-03/OIG-23-17-Feb23-Redacted.pdf,,
Type of Location Tracking,Remote acquisition and purchase of cell phone location information,"Further Information on Capabilities, Uses, and Abuses","Electronic Privacy Information Center, DHS's Data Reservoir: ICE and CBP's Capture and Circulation of Location Information (August 2022)",https://epic.org/wp-content/uploads/2022/08/DHS-Data-Reservoir-Report-Aug2022.pdf,ITALICS,
Type of Location Tracking,Remote acquisition and purchase of cell phone location information,"Further Information on Capabilities, Uses, and Abuses","ACLU, New Records Detail DHS Purchase and Use of Vast Quantities of Cell Phone Location Data (July 2022)",https://www.aclu.org/news/privacy-technology/new-records-detail-dhs-purchase-and-use-of-vast-quantities-of-cell-phone-location-data,,
Type of Location Tracking,Remote acquisition and purchase of cell phone location information,"Further Information on Capabilities, Uses, and Abuses","The Wall Street Journal, Federal Agencies Use Cellphone Location Data for Immigration Enforcement (February 2020)",https://www.wsj.com/articles/federal-agencies-use-cellphone-location-data-for-immigration-enforcement-11581078600,ITALICS,
Type of Location Tracking,Remote acquisition and purchase of cell phone location information,"Further Information on Capabilities, Uses, and Abuses","Electronic Frontier Federation, Gotta Catch Em All: Understanding How IMSI-Catchers Exploit Cell Networks (June 2019)",https://www.eff.org/wp/gotta-catch-em-all-understanding-how-imsi-catchers-exploit-cell-networks,ITALICS,
Type of Location Tracking,Remote acquisition and purchase of cell phone location information,"Further Information on Capabilities, Uses, and Abuses","Brennan Center, Cellphones, Law Enforcement, and the Right to Privacy (December 2018)",https://www.brennancenter.org/our-work/research-reports/cellphones-law-enforcement-and-right-privacy,ITALICS,
Type of Location Tracking,Remote acquisition and purchase of cell phone location information,DHS Policies and Other Resources,CBP PIA-080: Commercial Telemetry Data Evaluation (August 2024),https://www.dhs.gov/sites/default/files/2024-08/24_0812_priv_pia-cbp-080-commercial-telemetry.pdf,,
Type of Location Tracking,Remote acquisition and purchase of cell phone location information,DHS Policies and Other Resources,HSI Policy Memo: Use of Cell-Site Simulator Technology (September 2023),https://www.ice.gov/doclib/foia/policy/memo_UseCellSiteSimulatorTech_09.01.2023.pdf,,
Type of Location Tracking,Remote acquisition and purchase of cell phone location information,DHS Policies and Other Resources,ICE PIA-061: Homeland Security Investigation Surveillance Technologies (January 2022),https://www.dhs.gov/sites/default/files/2022-01/privacy-pia-ice061-hsisuveillancetech-january2022_0.pdf,,
Type of Location Tracking,Remote acquisition and purchase of cell phone location information,DHS Policies and Other Resources,ICE Legal Analysis: Draft Legal Document Discussing ICE's Use of Geolocation Data (2021),https://www.aclu.org/cases/aclu-v-department-homeland-security-commercial-location-data-foia?document=Draft-Legal-Document-Discussing-ICEs-Use-of-Geolocation-Data,,
Type of Location Tracking,Remote acquisition and purchase of cell phone location information,DHS Policies and Other Resources,DHS Policy Directive 047-02: Department Policy Regarding the Use of Cell-Site Simulator Technology (October 2015),https://www.dhs.gov/sites/default/files/publications/mgmt/law-enforcement/mgmt-dir_047-02-dept-policy-regarding-use-cell-site-simulator-technology.pdf,,
Type of Location Tracking,Remote acquisition and purchase of cell phone location information,DHS Policies and Other Resources,I&A Policy Instruction IA-1002: Safeguarding Personal Information Collected from Signals Intelligence Activities (January 2015),https://www.dhs.gov/sites/default/files/publications/i%26a-ppd-28.pdf,,
Type of Location Tracking,License plate readers (LPR) and LPR data,"Further Information on Capabilities, Uses, and Abuses","Associated Press, Border Patrol Is Monitoring U.S. Drivers and Detaining Those with Suspicious Travel Patterns (November 2025)",https://apnews.com/article/immigration-border-patrol-surveillance-drivers-ice-trump-9f5d05469ce8c629d6fecf32d32098cd,,
Type of Location Tracking,License plate readers (LPR) and LPR data,"Further Information on Capabilities, Uses, and Abuses","University of Washington Center for Human Rights, Leaving the Door Wide Open: Flock Surveillance Systems Expose Washington Data to Immigration Enforcement (October 2025)",https://jsis.washington.edu/humanrights/2025/10/21/leaving-the-door-wide-open/,ITALICS,
Type of Location Tracking,License plate readers (LPR) and LPR data,"Further Information on Capabilities, Uses, and Abuses","Brennan Center, Automatic License Plate Readers: Legal Status and Policy Recommendations for Law Enforcement Use (September 2020)",https://www.brennancenter.org/our-work/research-reports/automatic-license-plate-readers-legal-status-and-policy-recommendations,ITALICS,
Type of Location Tracking,License plate readers (LPR) and LPR data,DHS Policies and Other Resources,DHS AI Use Case Inventory (January 2026):,,,heading
Type of Location Tracking,License plate readers (LPR) and LPR data,DHS Policies and Other Resources,USSS License Plate Reader (DHS-2626) ,https://www.dhs.gov/ai/use-case-inventory/usss,,bullet
Type of Location Tracking,License plate readers (LPR) and LPR data,DHS Policies and Other Resources,ICE License Plate Capture and Analysis (DHS-2666),https://www.dhs.gov/ai/use-case-inventory/ice,,bullet
Type of Location Tracking,License plate readers (LPR) and LPR data,DHS Policies and Other Resources,ICE PIA-061: Homeland Security Investigation Surveillance Technologies (January 2022),https://www.dhs.gov/sites/default/files/2022-01/privacy-pia-ice061-hsisuveillancetech-january2022_0.pdf,,
Type of Location Tracking,License plate readers (LPR) and LPR data,DHS Policies and Other Resources,ICE PIA-039: Acquisition and Use of License Plate Reader Data from a Commercial Service (May 2021),https://www.dhs.gov/publication/dhs-ice-pia-039-acquisition-and-use-license-plate-reader-data-commercial-service,,
Type of Location Tracking,License plate readers (LPR) and LPR data,DHS Policies and Other Resources,CBP PIA-049: CBP License Plate Reader Technology (July 2020),https://www.dhs.gov/publication/dhscbppia-049-cbp-license-plate-reader-technology,,
Type of Location Tracking,Other vehicle tracking,"Further Information on Capabilities, Uses, and Abuses","The Intercept, Your Car Is Spying on You, and a CBP Contract Shows the Risks (May 2021)",https://theintercept.com/2021/05/03/car-surveillance-berla-msab-cbp/,ITALICS,
Type of Location Tracking,Other vehicle tracking,DHS Policies and Other Resources,S&T Fact Sheet: Project iVe  Vehicle Navigation/Infotainment System Forensics for Law Enforcement (April 2017),https://www.dhs.gov/sites/default/files/publications/508_FactSheet_CSD_Cybersecurity Forensics_Berla iVe_Final_April 2016.pdf,,
Type of Phone Access Tools,Digital forensics,"Further Information on Capabilities, Uses, and Abuses","FedScoop, DHS Units to Re-up Contract with Controversial Mobile Device Data Extractor (May 2026)",https://fedscoop.com/dhs-cellebrite-privacy-drones-data-mobile-devices-ice/,,
Type of Phone Access Tools,Digital forensics,"Further Information on Capabilities, Uses, and Abuses","Forbes, ICE Spent Millions on Phone Hacking Tech, Just in Time for Trump's Mass Deportation Plans (November 2024)",https://www.forbes.com/sites/thomasbrewster/2024/11/25/ice-spent-millions-on-phone-hacking-tech-just-in-time-for-trumps-mass-deportation-plans/,,
Type of Phone Access Tools,Digital forensics,DHS Policies and Other Resources,DHS AI Use Case Inventory:,,,heading
Type of Phone Access Tools,Digital forensics,DHS Policies and Other Resources,ICE Mobile Device Forensics for Investigations (DHS-2552) (January 2026),https://www.dhs.gov/ai/use-case-inventory/ice,,bullet
Type of Phone Access Tools,Digital forensics,DHS Policies and Other Resources,CBP PIA-053: Border Patrol Digital Forensics Programs (July 2020),https://www.dhs.gov/publication/dhscbppia-053-us-border-patrol-digital-forensics-programs,,
Type of Phone Access Tools,Digital forensics,DHS Policies and Other Resources,HSI Handbook 20-03: Computer Forensics Handbook (June 2020),https://www.ice.gov/doclib/foia/policy/handbookHSI_20-03_06.12.2020.pdf,,
Type of Phone Access Tools,Digital forensics,DHS Policies and Other Resources,ICE PIA-042: Forensic Analysis of Electronic Media (May 2015),https://www.dhs.gov/sites/default/files/publications/privacy-pia-forensicanalysisofelectronicmedia-may2015.pdf,,
Type of Phone Access Tools,Remote hacking,"Further Information on Capabilities, Uses, and Abuses","404 Media, We Sued ICE to Get Its Spyware Contract. The Agency Is Redacting Essentially Everything (June 2026)",https://www.404media.co/we-sued-ice-to-get-its-spyware-contract-the-agency-is-redacting-essentially-everything/,ITALICS,
Type of Phone Access Tools,Remote hacking,"Further Information on Capabilities, Uses, and Abuses","NPR, What We Know About How the U.S. Government Uses Spyware (and What We Don't) (May 2026)",https://www.npr.org/2026/05/19/nx-s1-5826085/spyware-trump-dhs-paragon,,
Type of Phone Access Tools,Remote hacking,"Further Information on Capabilities, Uses, and Abuses","Electronic Privacy Information Center, The Fight to Protect Our Phones: A Multi-Prong Approach to Spyware Reform (November 2025)",https://epic.org/wp-content/uploads/2025/11/EPIC-The-Fight-to-Protect-Our-Phones.pdf?inline=1,ITALICS,
Type of Phone Access Tools,Remote hacking,"Further Information on Capabilities, Uses, and Abuses","All-Source Intelligence, ICE Reactivated Its $2 Million Contract with Israeli Spyware Firm Paragon, Following Its Acquisition by U.S. Capital (September 2025)",https://jackpoulson.substack.com/p/exclusive-ice-has-reactivated-its,,
Type of Phone Access Tools,Remote hacking,"Further Information on Capabilities, Uses, and Abuses","The Citizen Lab, Virtue or Vice? A First Look at Paragon's Proliferating Spyware Operations (Mar 2025)",https://citizenlab.ca/research/a-first-look-at-paragons-proliferating-spyware-operations/,ITALICS,
Type of Phone Access Tools,Remote hacking,DHS Policies and Other Resources,Letter from ICE to Rep. Summer Lee re: Response to Congressional Letter About Paragon (April 2026),https://www.documentcloud.org/documents/27988741-ice-letter-response-to-congress/,,
Type of Phone Access Tools,Wiretaps,"Further Information on Capabilities, Uses, and Abuses","The Logic, Ottawa is Subsidizing a Tech Firm that Provides Wiretapping Tools to ICE (January 2026)",https://thelogic.co/news/exclusive/ottawa-ice-wiretap-jsi-telecom/,ITALICS,
Type of Phone Access Tools,Wiretaps,"Further Information on Capabilities, Uses, and Abuses","Privacy International, ICE Is Paying Millions to Surveillance Company to Spy on People's Communications (May 2019)",https://privacyinternational.org/news-analysis/2995/ice-paying-millions-surveillance-company-spy-peoples-communications,,
Type of Phone Access Tools,Wiretaps,DHS Policies and Other Resources,ICE PIA-061: Homeland Security Investigation Surveillance Technologies (January 2022),https://www.dhs.gov/sites/default/files/2022-01/privacy-pia-ice061-hsisuveillancetech-january2022_0.pdf,,
Type of Video Surveillance,Drones,"Further Information on Capabilities, Uses, and Abuses","ACLU, Drones for Them but Not for Us? (March 2026)",https://www.aclu.org/documents/drones-for-them-but-not-for-us,ITALIC,
Type of Video Surveillance,Drones,"Further Information on Capabilities, Uses, and Abuses","FedScoop, DHS Launches Drone-Focused Office Ahead of World Cup, America250 (January 2026)",https://fedscoop.com/dhs-drone-office-unmanned-aircraft-systems/,,
Type of Video Surveillance,Drones,"Further Information on Capabilities, Uses, and Abuses","404 Media, CBP Flew Drones to Help ICE 50 Times in Last Year (September 2025)",https://www.404media.co/cbp-flew-drones-to-help-ice-50-times-in-last-year/,ITALICS,
Type of Video Surveillance,Drones,"Further Information on Capabilities, Uses, and Abuses","404 Media, CBP Confirms It Is Flying Predator Drones Above Los Angeles to Support ICE (June 2025)",https://www.404media.co/cbp-confirms-it-is-flying-predator-drones-above-los-angeles-to-support-ice/,ITALICS,
Type of Video Surveillance,Drones,DHS Policies and Other Resources,DHS AI Use Case Inventory:,,,heading
Type of Video Surveillance,Drones,DHS Policies and Other Resources,CBP Unmanned Aircraft Collision Avoidance (Skydio) (January 2026),https://www.dhs.gov/ai/use-case-inventory/cbp,,bullet
Type of Video Surveillance,Drones,DHS Policies and Other Resources,ERO Directive 24003: Small Unmanned Aircraft Systems (December 2024),https://www.ice.gov/doclib/foia/policy/24003.pdf,,
Type of Video Surveillance,Drones,DHS Policies and Other Resources,CBP PIA-018: Aircraft Systems (May 2024),https://www.dhs.gov/publication/aircraft-systems,,
Type of Video Surveillance,Drones,DHS Policies and Other Resources,USSS PIA-028(a): USSS Unmanned Aircraft Systems Program (September 2023),https://www.dhs.gov/sites/default/files/2023-09/23_0927_privacy-pia-usss-pia028a-uas.pdf,,
Type of Video Surveillance,Drones,DHS Policies and Other Resources,ICE PIA-061:  Homeland Security Investigation Surveillance Technologies (January 2022),https://www.dhs.gov/sites/default/files/2022-01/privacy-pia-ice061-hsisuveillancetech-january2022_0.pdf,,
Type of Video Surveillance,Drones,DHS Policies and Other Resources,CBP Memo: U.S. Customs and Border Protection Small Unmanned Aircraft Systems Policy and Directive (June 2020),https://www.cbp.gov/sites/default/files/2026-02/cbp_small_unmanned_aircraft_systems_policy_and_directive.pdf,,
Type of Video Surveillance,Drones,DHS Policies and Other Resources,CBP Memo: Small Unmanned Aircraft System Internal Operating Procedures (January 2020),https://www.cbp.gov/sites/default/files/2026-02/small_unmanned_aircraft_system_internal_operating_procedures.pdf,,
Type of Video Surveillance,Drones,DHS Policies and Other Resources,HSI Directive 19-01: Use of Small Unmanned Aircraft Systems (April 2019),https://www.ice.gov/doclib/foia/policy/hsiDirective_19-01_04.03.2019.pdf,,
Type of Video Surveillance,Drones,DHS Policies and Other Resources,"DHS Privacy, Civil Rights & Civil Liberties Unmanned Aircraft Systems Working Group: Best Practices for Protecting Privacy, Civil Rights & Civil Liberties in Unmanned Aircraft Systems Programs (December 2015)",https://www.dhs.gov/sites/default/files/publications/UAS%20Best%20Practices.pdf,,
Type of Video Surveillance,Drones,DHS Policies and Other Resources,CBP Office of Air and Marine: Unmanned Aircraft System Operations and Privacy (September 2013),https://epic.org/wp-content/uploads/foia/dhs/drone-policies/EPIC-16-09-09-DHS-FOIA-20180713-CBP-Production.pdf,,
Type of Video Surveillance,Body-worn and vehicle-mounted cameras,"Further Information on Capabilities, Uses, and Abuses","Brennan Center, Can Body Cameras Help Hold ICE Accountable? (March 2026)",https://www.brennancenter.org/our-work/analysis-opinion/can-body-cameras-help-hold-ice-accountable,,
Type of Video Surveillance,Body-worn and vehicle-mounted cameras,"Further Information on Capabilities, Uses, and Abuses","ABC News, DHS Announces Body-Worn Camera Policy for All Its Agencies (May 2023)",https://abcnews.com/Politics/dhs-announces-body-worn-camera-policy-agencies/story?id=99536291,,
Type of Video Surveillance,Body-worn and vehicle-mounted cameras,DHS Policies and Other Resources,ICE Directive 19010.3: Body Worn Camera (February 2025),https://www.ice.gov/doclib/foia/policy/19010.3.pdf,,
Type of Video Surveillance,Body-worn and vehicle-mounted cameras,DHS Policies and Other Resources,DHS Policy Statement 045-07: Department Policy on Body Worn Cameras (May 2023),https://www.dhs.gov/sites/default/files/2023-05/23_0522_opa_signed-dhs-policy-on-body-worn-cameras-508.pdf,,
Type of Video Surveillance,Body-worn and vehicle-mounted cameras,DHS Policies and Other Resources,CBP Directive 4320-030B: Incident-Driven Video Recording Systems (August 2021) ,https://www.cbp.gov/sites/default/files/2025-05/CBP-Directive-4320-030B-IDVRS-signed-508.pdf,,
Type of Video Surveillance,Body-worn and vehicle-mounted cameras,DHS Policies and Other Resources,HSI Directive 21-04: Use of Body-Worn Cameras by State and Local Title 19 Cross-Designated Task Force Officers (March 2021),https://www.ice.gov/doclib/foia/policy/hsiDirective_21-04_03.03.2021.pdf,,
Type of Video Surveillance,Mobile security cameras,"Further Information on Capabilities, Uses, and Abuses","Center for Democracy & Technology, CDT Joins ACLU, ACLU of Massachusetts, and EFF in Brief Against Warrantless, Persistent Video Surveillance Brief Against Warrantless, Persistent Video Surveillance (March 2020)",https://cdt.org/insights/cdt-joins-aclu-aclu-of-massachusetts-and-eff-in-brief-against-warrantless-persistent-video-surveillance/,,
Type of Video Surveillance,Mobile security cameras,DHS Policies and Other Resources,ICE PIA-061:  Homeland Security Investigation Surveillance Technologies (January 2022),https://www.dhs.gov/sites/default/files/2022-01/privacy-pia-ice061-hsisuveillancetech-january2022_0.pdf,,
Type of Video Surveillance,Mobile security cameras,DHS Policies and Other Resources,HSI Search and Seizure Handbook (September 2012) ,https://www.ice.gov/doclib/foia/policy/hsi12-04_SearchSeizure_09.14.2012.pdf,,
Type of Data Purchase,Social media monitoring and open-source intelligence,"Further Information on Capabilities, Uses, and Abuses","Brennan Center, Continuous Vetting of All Visa Holders Is Impossible, but the Threat Alone Chills Free Speech (September 2025)",https://www.brennancenter.org/our-work/research-reports/continuous-vetting-all-visa-holders-impossible-threat-alone-chills-free,,
Type of Data Purchase,Social media monitoring and open-source intelligence,"Further Information on Capabilities, Uses, and Abuses","Center for Democracy & Technology, Automated Tools for Social Media Monitoring Irrevocably Chill Millions of Noncitizens Expression (April 2025)",https://cdt.org/insights/automated-tools-for-social-media-monitoring-irrevocably-chill-millions-of-noncitizens-expression/,,
Type of Data Purchase,Social media monitoring and open-source intelligence,"Further Information on Capabilities, Uses, and Abuses","Just Security, U.S. AI-Driven Catch and Revoke Initiative Threatens First Amendment Rights (March 2025)",https://www.justsecurity.org/109069/u-s-ai-driven-catch-and-revoke-initiative-threatens-first-amendment-rights/,ITALICS,
Type of Data Purchase,Social media monitoring and open-source intelligence,"Further Information on Capabilities, Uses, and Abuses","Brennan Center, Social Media Surveillance by the U.S. Government (January 2022)",https://www.brennancenter.org/our-work/research-reports/social-media-surveillance-us-government,,
Type of Data Purchase,Social media monitoring and open-source intelligence,"Further Information on Capabilities, Uses, and Abuses","Brennan Center, [DHS] Social Media Monitoring (March 2020)",https://www.brennancenter.org/our-work/research-reports/social-media-monitoring,ITALICS,
Type of Data Purchase,Social media monitoring and open-source intelligence,"Further Information on Capabilities, Uses, and Abuses","Lawfare, The National Vetting Enterprise: Artificial Intelligence and Immigration Enforcement (January 2019)",https://www.lawfaremedia.org/article/national-vetting-enterprise-artificial-intelligence-and-immigration-enforcement,ITALICS,
Type of Data Purchase,Social media monitoring and open-source intelligence,"DHS Policies and Other Resources",DHS AI Use Case Inventory (January 2026):,https://www.dhs.gov/ai/use-case-inventory,,heading
Type of Data Purchase,Social media monitoring and open-source intelligence,DHS Policies and Other Resources,CBP Babel (DHS-185),,,bullet
Type of Data Purchase,Social media monitoring and open-source intelligence,DHS Policies and Other Resources,CBP Open Source and Social Media Analysis (DHS-2538),,,bullet
Type of Data Purchase,Social media monitoring and open-source intelligence,DHS Policies and Other Resources,CBP Traffic Jam (DHS-2570) ,,,bullet
Type of Data Purchase,Social media monitoring and open-source intelligence,DHS Policies and Other Resources,ICE Open-Source Intelligence for Investigations (DHS-2759),,,bullet
Type of Data Purchase,Social media monitoring and open-source intelligence,DHS Policies and Other Resources,ICE PIA-066: Analytic Tools in Support of the Protective Mission (August 2025),https://www.dhs.gov/sites/default/files/2025-09/25_0820_priv_pia-ice-066-protectivemission.pdf,,
Type of Data Purchase,Social media monitoring and open-source intelligence,DHS Policies and Other Resources,"I&A Policy Manual, Section 3-102 (January 2025)",https://www.dhs.gov/sites/default/files/2025-03/25_0313_ia_office-of-intelligence-and-analysis_policy-manual.pdf,,
Type of Data Purchase,Social media monitoring and open-source intelligence,DHS Policies and Other Resources,ICE PIA-064: Immigration and Customs Enforcement Operational Use of Publicly Available Information Including Social Media Information for Law Enforcement Investigations (December 2023),https://www.dhs.gov/sites/default/files/2024-11/24_1126_priv_pia_ice064_socialmedia.pdf,,
Type of Data Purchase,Social media monitoring and open-source intelligence,DHS Policies and Other Resources,CBP PIA-058: Publicly Available Social Media Monitoring and Situational Awareness Initiative (March 2019),https://www.dhs.gov/sites/default/files/publications/privacy-pia-cbp58-socialmedia-march2019.pdf,,
Type of Data Purchase,Social media monitoring and open-source intelligence,DHS Policies and Other Resources,USCIS PIA-056(a): Electronic Immigration System (December 2018),https://www.dhs.gov/sites/default/files/publications/privacy-pia-uscis056a-elisappendixbupdate-march2021.pdf?inline=1,,
Type of Data Purchase,Social media monitoring and open-source intelligence,DHS Policies and Other Resources,DHS Handbook 4300A: Sensitive Systems Handbook Attachment X: Social Media (July 2018),https://www.brennancenter.org/sites/default/files/2023-08/August%202020%20Release%27%20of%20%272020-ICLI-00023%27_Redacted%20sensitive%20systems%20handbook.pdf,,
Type of Data Purchase,Social media monitoring and open-source intelligence,DHS Policies and Other Resources,I&A Instruction IA-1000: Intelligence Oversight Program and Guidelines (January 2017),https://www.dhs.gov/sites/default/files/publications/office-of-intelligence-and-analysis-intelligence-oversight-program-and-guidelines.pdf?inline=1,,
Type of Data Purchase,Social media monitoring and open-source intelligence,DHS Policies and Other Resources,I&A Instruction IA-900: Official Usage of Publicly Available Information (January 2015),https://www.aclu.org/documents/dhs-policy-re-official-use-public-social-media-info,,
Type of Data Purchase,Social media monitoring and open-source intelligence,DHS Policies and Other Resources,CBP Directive 5410-003: Operational Use of Social Media (January 2015),https://www.brennancenter.org/sites/default/files/2023-08/September%202021%20Release%20CBP%20Directive%205410-003%20Operational%20Use%20of%20SM%20%281%29.pdf,,
Type of Data Purchase,Social media monitoring and open-source intelligence,DHS Policies and Other Resources,ICE Policy Memo 10082.1: Use of Public and Non-Public Online Information (June 2012),https://www.brennancenter.org/sites/default/files/2023-08/Use_of_public_non_public_online_information.pdf,,
Type of Data Purchase,Social media monitoring and open-source intelligence,DHS Policies and Other Resources,DHS Instruction 110-01: Privacy Policy for Operational Use of Social Media (June 2012),https://www.dhs.gov/sites/default/files/publications/Instruction_110-01-001_Privacy_Policy_for_Operational_Use_of_Social_Media_0.pdf,,
Type of Data Purchase,Social media monitoring and open-source intelligence,DHS Policies and Other Resources,DHS Directive 110-01: Privacy Policy for Operational Use of Social Media (June 2012),https://www.dhs.gov/sites/default/files/publications/mgmt/public-affairs/mgmt-dir_110-01-privacy-policy-operational-social-media_revision-00.pdf,,
Type of Data Purchase,Social media monitoring and open-source intelligence,DHS Policies and Other Resources,"DHS Social Media Operational Use Templates, Privacy Threshold Analyses, and Rules of Behavior (Various dates; obtained via FOIA Request)",https://www.brennancenter.org/our-work/research-reports/dhs-social-media-monitoring-foia-documents,,
Type of Data Purchase,Commercial data (not including real-time location data),"Further Information on Capabilities, Uses, and Abuses","NPR, Your Data is Everywhere. The Government Is Buying it Without a Warrant (March 2026)",https://www.npr.org/2026/03/25/nx-s1-5752369/ice-surveillance-data-brokers-congress-anthropic,,
Type of Data Purchase,Commercial data (not including real-time location data),"Further Information on Capabilities, Uses, and Abuses","Georgetown Law Center on Privacy and Technology, American Dragnet: Data-Driven Deportation in the 21st Century (May 2025)",https://www.law.georgetown.edu/privacy-technology-center/publications/american-dragnet-data-driven-deportation-in-the-21st-century/,ITALICS,
Type of Data Purchase,Commercial data (not including real-time location data),"Further Information on Capabilities, Uses, and Abuses","Brennan Center, Closing the Data Broker Loophole (February 2024)",https://www.brennancenter.org/our-work/research-reports/closing-data-broker-loophole,,
Type of Data Purchase,Commercial data (not including real-time location data),"Further Information on Capabilities, Uses, and Abuses","Center for Democracy & Technology, Legal Loopholes and Data for Dollars: How Law Enforcement and Intelligence Agencies Are Buying Your Data from Brokers (December 2021)",https://cdt.org/wp-content/uploads/2021/12/2021-12-08-Legal-Loopholes-and-Data-for-Dollars-Report-final.pdf,ITALICS,
Type of Data Purchase,Commercial data (not including real-time location data),"Further Information on Capabilities, Uses, and Abuses",Just Futures Law and Mijente: The Data Broker to Deportation Pipeline: How Thomson Reuters & LexisNexis Share Utility & Commercial Data with ICE (n.d.),https://static1.squarespace.com/static/62c3198c117dd661bd99eb3a/t/62df020189b0681d1b9398a8/1658782211567/Commercial+and+Utility+Data+Report.pdf,ITALICS,
Type of Data Purchase,Skip tracing,"Further Information on Capabilities, Uses, and Abuses","The Guardian, Deplorable: ICE Hires Firm Accused of Torture to Track Down Undocumented Children (May 2026)",https://www.theguardian.com/us-news/2026/may/02/ice-contracter-torture-allegations-undocumented-children,ITALICS,
Type of Data Purchase,Skip tracing,"Further Information on Capabilities, Uses, and Abuses","The Washington Post, ICE Launches Nationwide Program for Covert Surveillance of Immigrants (January 2026)",https://www.washingtonpost.com/technology/2026/01/30/ice-capgemini-skip-tracing-contracts/,ITALICS,
Type of Data Purchase,Skip tracing,"Further Information on Capabilities, Uses, and Abuses","The Intercept, 10 Companies Have Already Made $1 Million as ICE Bounty Hunters. We Found Them (December 2025)",https://theintercept.com/2025/12/23/ice-bounty-hunters-track-immigrant-surveillance/,ITALICS,
Type of Data Purchase,Skip tracing,"Further Information on Capabilities, Uses, and Abuses","404 Media, ICE Contracts Company Making Bounty Hunter AI Agents (December 2025)",https://www.404media.co/ice-contracts-company-making-bounty-hunter-ai-agents/,ITALICS,
Type of Data Purchase,Skip tracing,"Further Information on Capabilities, Uses, and Abuses","404 Media, ICE Plans to Spend $180 Million on Bounty Hunters to Stalk Immigrants (November 2025)",https://www.404media.co/ice-plans-to-spend-180-million-on-bounty-hunters-to-stalk-immigrants/,ITALICS,
Type of Data Purchase,Skip tracing,"Further Information on Capabilities, Uses, and Abuses","The Intercept, ICE Plans Cash Rewards for Private Bounty Hunters to Locate and Track Immigrants (October 2025)",https://theintercept.com/2025/10/31/ice-plans-cash-rewards-for-private-bounty-hunters-to-locate-and-track-immigrants/?ref=404media.co,ITALICS,
Type of Data Analysis Tool,"Investigative Case Management (ICM), FALCON, Immigration OS, & Enhanced Leads Identification and Targeting for Enforcement (ELITE)","Further Information on Capabilities, Uses, and Abuses","404 Media, ICE Agents Have List of 20 Million People on Their iPhones Thanks to Palantir (May 2026)",https://www.404media.co/ice-agents-have-list-of-20-million-people-on-their-iphones-thanks-to-palantir/,ITALICS,
Type of Data Analysis Tool,"Investigative Case Management (ICM), FALCON, Immigration OS, & Enhanced Leads Identification and Targeting for Enforcement (ELITE)","Further Information on Capabilities, Uses, and Abuses","BYU Law Review, Immigration Enforcement Intermediaries (Mar. 2026)",https://papers.ssrn.com/sol3/papers.cfm?abstract_id=6345099,ITALICS,
Type of Data Analysis Tool,"Investigative Case Management (ICM), FALCON, Immigration OS, & Enhanced Leads Identification and Targeting for Enforcement (ELITE)","Further Information on Capabilities, Uses, and Abuses","Wired, ICE Is Using Palantir's AI Tools to Sort Through Tips (January 2026)",https://www.wired.com/story/ice-is-using-palantirs-ai-tools-to-sort-through-tips/,ITALICS,
Type of Data Analysis Tool,"Investigative Case Management (ICM), FALCON, Immigration OS, & Enhanced Leads Identification and Targeting for Enforcement (ELITE)","Further Information on Capabilities, Uses, and Abuses","404 Media, Here is the User Guide for ELITE, the Tool Palantir Made for ICE (January 2026)",https://www.404media.co/here-is-the-user-guide-for-elite-the-tool-palantir-made-for-ice/,ITALICS,
Type of Data Analysis Tool,"Investigative Case Management (ICM), FALCON, Immigration OS, & Enhanced Leads Identification and Targeting for Enforcement (ELITE)","Further Information on Capabilities, Uses, and Abuses","404 Media, ELITE: The Palantir App ICE Uses to Find Neighborhoods to Raid (January 2026)",https://www.404media.co/elite-the-palantir-app-ice-uses-to-find-neighborhoods-to-raid/,ITALICS,
Type of Data Analysis Tool,"Investigative Case Management (ICM), FALCON, Immigration OS, & Enhanced Leads Identification and Targeting for Enforcement (ELITE)","Further Information on Capabilities, Uses, and Abuses","Business Insider, ICE Just Ordered $30 Million Worth of New Technology from Palantir to Track Immigrants (April 2025)",https://www.businessinsider.com/ice-palantir-new-technology-30-million-visa-overstays-self-deportation-2025-4,ITALICS,
Type of Data Analysis Tool,"Investigative Case Management (ICM), FALCON, Immigration OS, & Enhanced Leads Identification and Targeting for Enforcement (ELITE)","Further Information on Capabilities, Uses, and Abuses","404 Media, Inside a Powerful Database ICE Uses to Identify and Deport People (April 2025)",https://www.404media.co/inside-a-powerful-database-ice-uses-to-identify-and-deport-people/,ITALICS,
Type of Data Analysis Tool,"Investigative Case Management (ICM), FALCON, Immigration OS, & Enhanced Leads Identification and Targeting for Enforcement (ELITE)","Further Information on Capabilities, Uses, and Abuses","The Intercept, Palantir Provides the Engine for Donald Trump's Deportation Machine (March 2017)",https://theintercept.com/2017/03/02/palantir-provides-the-engine-for-donald-trumps-deportation-machine/,ITALICS,
Type of Data Analysis Tool,"Investigative Case Management (ICM), FALCON, Immigration OS, & Enhanced Leads Identification and Targeting for Enforcement (ELITE)",DHS Policies and Other Resources,DHS AI Use Case Inventory (January 2026):,https://www.dhs.gov/ai/use-case-inventory/ice,,heading
Type of Data Analysis Tool,"Investigative Case Management (ICM), FALCON, Immigration OS, & Enhanced Leads Identification and Targeting for Enforcement (ELITE)",DHS Policies and Other Resources,ICE Enhanced Lead Identification and Targeting (DHS-2578),,,bullet
Type of Data Analysis Tool,"Investigative Case Management (ICM), FALCON, Immigration OS, & Enhanced Leads Identification and Targeting for Enforcement (ELITE)",DHS Policies and Other Resources,ICE AI-Enhanced Tip Processing (DHS-2515),,,bullet
Type of Data Analysis Tool,"Investigative Case Management (ICM), FALCON, Immigration OS, & Enhanced Leads Identification and Targeting for Enforcement (ELITE)",DHS Policies and Other Resources,ICE PIA-045: Investigative Case Management System (August 2021),https://www.dhs.gov/publication/dhs-ice-pia-045-ice-investigative-case-management,,
Type of Data Analysis Tool,"Investigative Case Management (ICM), FALCON, Immigration OS, & Enhanced Leads Identification and Targeting for Enforcement (ELITE)",DHS Policies and Other Resources,ICE PIA-032: FALCON Search & Analysis System (March 2021),https://www.dhs.gov/publication/dhsicepia-032a-falcon-search-analysis-system-falcon,,
Type of Data Analysis Tool,"Investigative Case Management (ICM), FALCON, Immigration OS, & Enhanced Leads Identification and Targeting for Enforcement (ELITE)",DHS Policies and Other Resources,ICE PIA-033: FALCON Tipline  (November 2012),https://www.dhs.gov/sites/default/files/publications/ice-pia-033-falcon-tipline-2012.pdf,,
Type of Data Analysis Tool,Repository for Analytics in a Virtualized Environment (RAVEn),"Further Information on Capabilities, Uses, and Abuses","Brennan Center, A Realignment for Homeland Security Investigations, Section III (June 2023)",https://www.brennancenter.org/media/11356/download/2023_05_Homeland_Security_Investigations.pdf?inline=1,ITALICS,
Type of Data Analysis Tool,Repository for Analytics in a Virtualized Environment (RAVEn),"Further Information on Capabilities, Uses, and Abuses","Business Insider, Tech Companies are in a Frenzy to Help ICE Build Its Own Data-mining Tool for Targeting Unauthorized Workers (September 2021)",https://www.businessinsider.com/amazon-google-microsoft-ice-raven-data-mining-tool-undocumented-workers-2021-8,ITALICS,
Type of Data Analysis Tool,Repository for Analytics in a Virtualized Environment (RAVEn),DHS Policies and Other Resources,DHS AI Use Case Inventory (January 2026):,https://www.dhs.gov/ai/use-case-inventory/ice,,heading
Type of Data Analysis Tool,Repository for Analytics in a Virtualized Environment (RAVEn),DHS Policies and Other Resources,ICE Investigative Prioritization Aggregator (DHS-125) ,,,bullet
Type of Data Analysis Tool,Repository for Analytics in a Virtualized Environment (RAVEn),DHS Policies and Other Resources,ICE Translation and Transcription for Investigative Data (DHS-2427) ,,,bullet
Type of Data Analysis Tool,Repository for Analytics in a Virtualized Environment (RAVEn),DHS Policies and Other Resources,ICE Normalization Services (DHS-P1),,,bullet
Type of Data Analysis Tool,Repository for Analytics in a Virtualized Environment (RAVEn),DHS Policies and Other Resources,ICE PIA-055: Repository for Analytics in a Virtualized Environment (June 2025),https://www.dhs.gov/sites/default/files/2025-06/25_0618_priv_pia-ice-055-raven-appendix-update.pdf,,
Type of Data Analysis Tool,Project SAFEHAVEN,"Further Information on Capabilities, Uses, and Abuses","The Lever, The ICE Surveillance Firm with Missing Executives and Phantom Clients (May 2026)",https://www.levernews.com/the-ice-surveillance-firm-with-missing-executives-and-phantom-clients/,ITALICS,
Type of Data Analysis Tool,Project SAFEHAVEN,"Further Information on Capabilities, Uses, and Abuses","The Lever, Inside ICE's $12 Million Plan to Map Immigrants Patterns of Life (April 2026)",https://www.levernews.com/inside-ices-12-million-plan-to-map-immigrants-patterns-of-life/,ITALICS,
Type of Data Analysis Tool,LeadTrac,"Further Information on Capabilities, Uses, and Abuses","FedScoop, ICE Seeks Support for App that Tracks Visa, Immigration Violators (February 2020)",https://fedscoop.com/ice-immigration-visas-leadtrac-app-terrorism-criminal-investigations/,,
Type of Data Analysis Tool,LeadTrac,DHS Policies and Other Resources,ICE PIA-044: LeadTrac System (July 2016),https://www.dhs.gov/sites/default/files/publications/privacy-pia-ice044-leadtracappendicesupdate-june2020_0.pdf,,
Type of Data Analysis Tool,ERO Data Analysis System,"Further Information on Capabilities, Uses, and Abuses","Electronic Privacy Information Center, DHS's Data Reservoir: ICE and CBP's Capture and Circulation of Location Information, page 24 (August 2022)",https://epic.org/wp-content/uploads/2022/08/DHS-Data-Reservoir-Report-Aug2022.pdf,ITALICS,
Type of Data Analysis Tool,ERO Data Analysis System,DHS Policies and Other Resources,ICE DAS PIA-048: Data Analysis System (September 2017),https://www.dhs.gov/sites/default/files/publications/privacy-pia-ice-das-september2017.pdf,,
Type of Data Analysis Tool,Other data analysis,"Further Information on Capabilities, Uses, and Abuses","Wired, DHS Opens a Billion-Dollar Tab with Palantir (February 2026)",https://www.wired.com/story/department-homeland-security-ice-billion-dollar-agreement-palantir/,ITALICS,
Type of Data Analysis Tool,Other data analysis,"Further Information on Capabilities, Uses, and Abuses","Financial Times, Trump's Immigration Data Dragnet (December 2025)",https://ig.ft.com/us-ice-surveillance/,ITALICS,
Type of Data Analysis Tool,Other data analysis,"Further Information on Capabilities, Uses, and Abuses","Just Futures Law and Mijente, Automating Deportation: The Artificial Intelligence Behind the Department of Homeland Security's Immigration Enforcement Regime (June 2024)",https://mijente.net/wp-content/uploads/2024/06/Automating-Deportation.pdf,ITALICS,
Type of Data Analysis Tool,Other data analysis,DHS Policies and Other Resources,DHS AI Use Case Inventory (January 2026):,https://www.dhs.gov/ai/use-case-inventory/uscis,,heading
Type of Data Analysis Tool,Other data analysis,DHS Policies and Other Resources,USCIS Person-Centric Identity Services Deduplication Model (DHS-55),,,bullet
Type of Data Analysis Tool,Other data analysis,DHS Policies and Other Resources,USCIS Person-Centric Identity Services A-Number Management Model (DHS-56) ,,,bullet
Type of Data Analysis Tool,Other data analysis,DHS Policies and Other Resources,CBP Directive 1450-030: Artificial Intelligence Use and Reporting (September 2025),https://www.cbp.gov/sites/default/files/2025-11/cbp_directive_no._1450-030_ai_operations_and_governance_redacted_1.pdf,,
Type of Data Analysis Tool,Other data analysis,DHS Policies and Other Resources,DHS Directive 139-08: Artificial Intelligence Use and Acquisition (January 2025),https://www.dhs.gov/sites/default/files/2025-01/25_0116_CIO_DHS-Directive-139-08-508.pdf,,
Type of Data Analysis Tool,Other data analysis,DHS Policies and Other Resources,DHS PIA-055: Data Analysis Tools (June 2023),https://www.dhs.gov/publication/dhsallpia-055-dhs-data-analysis-tools,,
Type of Data Analysis Tool,Other data analysis,DHS Policies and Other Resources,USCIS PIA-087: Person Centric Identity Services Initiative (December 2022),https://www.dhs.gov/publication/dhsuscispia-087-person-centric-identity-services-initiative,,
Type of Data Analysis Tool,Other data analysis,DHS Policies and Other Resources,CBP PIA-063: Enterprise Analytics (May 2020),https://www.dhs.gov/sites/default/files/2024-02/24_0227_priv_pia-cbp-063-ea-appendix-update.pdf,,